prompt_tokens,completion_tokens,thoughts_tokens,cached_tokens,description,model
2153,1066.0,3270,0,Record an audio clip using Audio Recorder app and save it.0,models/gemini-2.5-pro-preview-05-06
3050,288.0,300,0,Record an audio clip using Audio Recorder app and save it.0,models/gemini-2.5-pro-preview-05-06
4304,427.0,332,0,Record an audio clip using Audio Recorder app and save it.1,models/gemini-2.5-pro-preview-05-06
3161,329.0,259,0,Record an audio clip using Audio Recorder app and save it.1,models/gemini-2.5-pro-preview-05-06
2149,1264.0,1429,0,Record an audio clip using Audio Recorder app and save it.0,models/gemini-2.5-pro-preview-05-06
3123,320.0,181,0,Record an audio clip using Audio Recorder app and save it.0,models/gemini-2.5-pro-preview-05-06
5634,512.0,241,0,Record an audio clip using Audio Recorder app and save it.1,models/gemini-2.5-pro-preview-05-06
4513,330.0,499,0,Record an audio clip using Audio Recorder app and save it.1,models/gemini-2.5-pro-preview-05-06
5558,660.0,2057,0,Record an audio clip using Audio Recorder app and save it.2,models/gemini-2.5-pro-preview-05-06
3204,324.0,100,0,Record an audio clip using Audio Recorder app and save it.2,models/gemini-2.5-pro-preview-05-06
5485,574.0,674,0,Record an audio clip using Audio Recorder app and save it.3,models/gemini-2.5-pro-preview-05-06
4663,350.0,268,0,Record an audio clip using Audio Recorder app and save it.3,models/gemini-2.5-pro-preview-05-06
6942,608.0,995,0,Record an audio clip using Audio Recorder app and save it.4,models/gemini-2.5-pro-preview-05-06
4896,345.0,297,0,Record an audio clip using Audio Recorder app and save it.4,models/gemini-2.5-pro-preview-05-06
6022,614.0,855,0,Record an audio clip using Audio Recorder app and save it.5,models/gemini-2.5-pro-preview-05-06
3960,372.0,115,0,Record an audio clip using Audio Recorder app and save it.5,models/gemini-2.5-pro-preview-05-06
5263,522.0,339,0,Record an audio clip using Audio Recorder app and save it.6,models/gemini-2.5-pro-preview-05-06
4185,272.0,172,0,Record an audio clip using Audio Recorder app and save it.6,models/gemini-2.5-pro-preview-05-06
5539,580.0,831,0,Record an audio clip using Audio Recorder app and save it.7,models/gemini-2.5-pro-preview-05-06
4292,368.0,125,0,Record an audio clip using Audio Recorder app and save it.7,models/gemini-2.5-pro-preview-05-06
5695,631.0,1630,0,Record an audio clip using Audio Recorder app and save it.8,models/gemini-2.5-pro-preview-05-06
4312,409.0,232,0,Record an audio clip using Audio Recorder app and save it.8,models/gemini-2.5-pro-preview-05-06
6154,508.0,919,0,Record an audio clip using Audio Recorder app and save it.9,models/gemini-2.5-pro-preview-05-06
4731,370.0,141,0,Record an audio clip using Audio Recorder app and save it.9,models/gemini-2.5-pro-preview-05-06
6063,611.0,1295,0,Record an audio clip using Audio Recorder app and save it.10,models/gemini-2.5-pro-preview-05-06
2163,1640.0,3802,0,"Record an audio clip and save it with name ""presentation_fGwr.m4a"" using Audio Recorder app.0",models/gemini-2.5-pro-preview-05-06
4603,364.0,427,0,"Record an audio clip and save it with name ""presentation_fGwr.m4a"" using Audio Recorder app.0",models/gemini-2.5-pro-preview-05-06
7162,649.0,206,0,"Record an audio clip and save it with name ""presentation_fGwr.m4a"" using Audio Recorder app.1",models/gemini-2.5-pro-preview-05-06
5779,358.0,167,0,"Record an audio clip and save it with name ""presentation_fGwr.m4a"" using Audio Recorder app.1",models/gemini-2.5-pro-preview-05-06
6837,508.0,1333,0,"Record an audio clip and save it with name ""presentation_fGwr.m4a"" using Audio Recorder app.2",models/gemini-2.5-pro-preview-05-06
4224,299.0,124,0,"Record an audio clip and save it with name ""presentation_fGwr.m4a"" using Audio Recorder app.2",models/gemini-2.5-pro-preview-05-06
6500,546.0,656,0,"Record an audio clip and save it with name ""presentation_fGwr.m4a"" using Audio Recorder app.3",models/gemini-2.5-pro-preview-05-06
5435,488.0,197,0,"Record an audio clip and save it with name ""presentation_fGwr.m4a"" using Audio Recorder app.3",models/gemini-2.5-pro-preview-05-06
6551,652.0,555,0,"Record an audio clip and save it with name ""presentation_fGwr.m4a"" using Audio Recorder app.4",models/gemini-2.5-pro-preview-05-06
4304,385.0,135,0,"Record an audio clip and save it with name ""presentation_fGwr.m4a"" using Audio Recorder app.4",models/gemini-2.5-pro-preview-05-06
5701,731.0,2367,0,"Record an audio clip and save it with name ""presentation_fGwr.m4a"" using Audio Recorder app.5",models/gemini-2.5-pro-preview-05-06
4616,338.0,412,0,"Record an audio clip and save it with name ""presentation_fGwr.m4a"" using Audio Recorder app.5",models/gemini-2.5-pro-preview-05-06
5886,609.0,1933,0,"Record an audio clip and save it with name ""presentation_fGwr.m4a"" using Audio Recorder app.6",models/gemini-2.5-pro-preview-05-06
4546,398.0,177,0,"Record an audio clip and save it with name ""presentation_fGwr.m4a"" using Audio Recorder app.6",models/gemini-2.5-pro-preview-05-06
5975,897.0,2553,0,"Record an audio clip and save it with name ""presentation_fGwr.m4a"" using Audio Recorder app.7",models/gemini-2.5-pro-preview-05-06
4892,405.0,270,0,"Record an audio clip and save it with name ""presentation_fGwr.m4a"" using Audio Recorder app.7",models/gemini-2.5-pro-preview-05-06
6822,883.0,2854,0,"Record an audio clip and save it with name ""presentation_fGwr.m4a"" using Audio Recorder app.8",models/gemini-2.5-pro-preview-05-06
5430,356.0,199,0,"Record an audio clip and save it with name ""presentation_fGwr.m4a"" using Audio Recorder app.8",models/gemini-2.5-pro-preview-05-06
7279,616.0,178,0,"Record an audio clip and save it with name ""presentation_fGwr.m4a"" using Audio Recorder app.9",models/gemini-2.5-pro-preview-05-06
5196,336.0,190,0,"Record an audio clip and save it with name ""presentation_fGwr.m4a"" using Audio Recorder app.9",models/gemini-2.5-pro-preview-05-06
7114,669.0,454,0,"Record an audio clip and save it with name ""presentation_fGwr.m4a"" using Audio Recorder app.10",models/gemini-2.5-pro-preview-05-06
5274,398.0,196,0,"Record an audio clip and save it with name ""presentation_fGwr.m4a"" using Audio Recorder app.10",models/gemini-2.5-pro-preview-05-06
6610,762.0,1392,0,"Record an audio clip and save it with name ""presentation_fGwr.m4a"" using Audio Recorder app.11",models/gemini-2.5-pro-preview-05-06
2148,1753.0,2825,0,Open the file task.html in Downloads in the file manager; when prompted open it with Chrome. Then create a drawing using the three colors shown at the top and hit submit.0,models/gemini-2.5-pro-preview-05-06
4773,333.0,311,0,Open the file task.html in Downloads in the file manager; when prompted open it with Chrome. Then create a drawing using the three colors shown at the top and hit submit.0,models/gemini-2.5-pro-preview-05-06
7276,465.0,354,0,Open the file task.html in Downloads in the file manager; when prompted open it with Chrome. Then create a drawing using the three colors shown at the top and hit submit.1,models/gemini-2.5-pro-preview-05-06
5834,365.0,96,0,Open the file task.html in Downloads in the file manager; when prompted open it with Chrome. Then create a drawing using the three colors shown at the top and hit submit.1,models/gemini-2.5-pro-preview-05-06
7380,622.0,3037,0,Open the file task.html in Downloads in the file manager; when prompted open it with Chrome. Then create a drawing using the three colors shown at the top and hit submit.2,models/gemini-2.5-pro-preview-05-06
4835,338.0,253,0,Open the file task.html in Downloads in the file manager; when prompted open it with Chrome. Then create a drawing using the three colors shown at the top and hit submit.2,models/gemini-2.5-pro-preview-05-06
6394,603.0,1479,0,Open the file task.html in Downloads in the file manager; when prompted open it with Chrome. Then create a drawing using the three colors shown at the top and hit submit.3,models/gemini-2.5-pro-preview-05-06
4850,401.0,306,0,Open the file task.html in Downloads in the file manager; when prompted open it with Chrome. Then create a drawing using the three colors shown at the top and hit submit.3,models/gemini-2.5-pro-preview-05-06
6247,674.0,721,0,Open the file task.html in Downloads in the file manager; when prompted open it with Chrome. Then create a drawing using the three colors shown at the top and hit submit.4,models/gemini-2.5-pro-preview-05-06
4679,280.0,174,0,Open the file task.html in Downloads in the file manager; when prompted open it with Chrome. Then create a drawing using the three colors shown at the top and hit submit.4,models/gemini-2.5-pro-preview-05-06
6260,611.0,664,0,Open the file task.html in Downloads in the file manager; when prompted open it with Chrome. Then create a drawing using the three colors shown at the top and hit submit.5,models/gemini-2.5-pro-preview-05-06
4853,366.0,71,0,Open the file task.html in Downloads in the file manager; when prompted open it with Chrome. Then create a drawing using the three colors shown at the top and hit submit.5,models/gemini-2.5-pro-preview-05-06
6450,620.0,441,0,Open the file task.html in Downloads in the file manager; when prompted open it with Chrome. Then create a drawing using the three colors shown at the top and hit submit.6,models/gemini-2.5-pro-preview-05-06
4950,373.0,157,0,Open the file task.html in Downloads in the file manager; when prompted open it with Chrome. Then create a drawing using the three colors shown at the top and hit submit.6,models/gemini-2.5-pro-preview-05-06
6247,545.0,1032,0,Open the file task.html in Downloads in the file manager; when prompted open it with Chrome. Then create a drawing using the three colors shown at the top and hit submit.7,models/gemini-2.5-pro-preview-05-06
4666,318.0,98,0,Open the file task.html in Downloads in the file manager; when prompted open it with Chrome. Then create a drawing using the three colors shown at the top and hit submit.7,models/gemini-2.5-pro-preview-05-06
5891,583.0,1051,0,Open the file task.html in Downloads in the file manager; when prompted open it with Chrome. Then create a drawing using the three colors shown at the top and hit submit.8,models/gemini-2.5-pro-preview-05-06
4637,314.0,145,0,Open the file task.html in Downloads in the file manager; when prompted open it with Chrome. Then create a drawing using the three colors shown at the top and hit submit.8,models/gemini-2.5-pro-preview-05-06
5863,585.0,1493,0,Open the file task.html in Downloads in the file manager; when prompted open it with Chrome. Then create a drawing using the three colors shown at the top and hit submit.9,models/gemini-2.5-pro-preview-05-06
4612,293.0,172,0,Open the file task.html in Downloads in the file manager; when prompted open it with Chrome. Then create a drawing using the three colors shown at the top and hit submit.9,models/gemini-2.5-pro-preview-05-06
5976,695.0,2123,0,Open the file task.html in Downloads in the file manager; when prompted open it with Chrome. Then create a drawing using the three colors shown at the top and hit submit.10,models/gemini-2.5-pro-preview-05-06
4818,419.0,252,0,Open the file task.html in Downloads in the file manager; when prompted open it with Chrome. Then create a drawing using the three colors shown at the top and hit submit.10,models/gemini-2.5-pro-preview-05-06
6389,647.0,584,0,Open the file task.html in Downloads in the file manager; when prompted open it with Chrome. Then create a drawing using the three colors shown at the top and hit submit.11,models/gemini-2.5-pro-preview-05-06
4957,402.0,246,0,Open the file task.html in Downloads in the file manager; when prompted open it with Chrome. Then create a drawing using the three colors shown at the top and hit submit.11,models/gemini-2.5-pro-preview-05-06
6564,667.0,1106,0,Open the file task.html in Downloads in the file manager; when prompted open it with Chrome. Then create a drawing using the three colors shown at the top and hit submit.12,models/gemini-2.5-pro-preview-05-06
4996,336.0,197,0,Open the file task.html in Downloads in the file manager; when prompted open it with Chrome. Then create a drawing using the three colors shown at the top and hit submit.12,models/gemini-2.5-pro-preview-05-06
6944,1128.0,4751,0,Open the file task.html in Downloads in the file manager; when prompted open it with Chrome. Then create a drawing using the three colors shown at the top and hit submit.13,models/gemini-2.5-pro-preview-05-06
5540,390.0,1256,0,Open the file task.html in Downloads in the file manager; when prompted open it with Chrome. Then create a drawing using the three colors shown at the top and hit submit.13,models/gemini-2.5-pro-preview-05-06
7425,818.0,5387,0,Open the file task.html in Downloads in the file manager; when prompted open it with Chrome. Then create a drawing using the three colors shown at the top and hit submit.14,models/gemini-2.5-pro-preview-05-06
5483,386.0,323,0,Open the file task.html in Downloads in the file manager; when prompted open it with Chrome. Then create a drawing using the three colors shown at the top and hit submit.14,models/gemini-2.5-pro-preview-05-06
7411,993.0,3428,0,Open the file task.html in Downloads in the file manager; when prompted open it with Chrome. Then create a drawing using the three colors shown at the top and hit submit.15,models/gemini-2.5-pro-preview-05-06
5657,438.0,1751,0,Open the file task.html in Downloads in the file manager; when prompted open it with Chrome. Then create a drawing using the three colors shown at the top and hit submit.15,models/gemini-2.5-pro-preview-05-06
7581,1059.0,3406,0,Open the file task.html in Downloads in the file manager; when prompted open it with Chrome. Then create a drawing using the three colors shown at the top and hit submit.16,models/gemini-2.5-pro-preview-05-06
5742,428.0,1177,0,Open the file task.html in Downloads in the file manager; when prompted open it with Chrome. Then create a drawing using the three colors shown at the top and hit submit.16,models/gemini-2.5-pro-preview-05-06
7696,1227.0,2235,0,Open the file task.html in Downloads in the file manager; when prompted open it with Chrome. Then create a drawing using the three colors shown at the top and hit submit.17,models/gemini-2.5-pro-preview-05-06
5946,384.0,276,0,Open the file task.html in Downloads in the file manager; when prompted open it with Chrome. Then create a drawing using the three colors shown at the top and hit submit.17,models/gemini-2.5-pro-preview-05-06
7924,1054.0,3171,0,Open the file task.html in Downloads in the file manager; when prompted open it with Chrome. Then create a drawing using the three colors shown at the top and hit submit.18,models/gemini-2.5-pro-preview-05-06
5890,462.0,378,0,Open the file task.html in Downloads in the file manager; when prompted open it with Chrome. Then create a drawing using the three colors shown at the top and hit submit.18,models/gemini-2.5-pro-preview-05-06
7868,931.0,5525,0,Open the file task.html in Downloads in the file manager; when prompted open it with Chrome. Then create a drawing using the three colors shown at the top and hit submit.19,models/gemini-2.5-pro-preview-05-06
5764,450.0,417,0,Open the file task.html in Downloads in the file manager; when prompted open it with Chrome. Then create a drawing using the three colors shown at the top and hit submit.19,models/gemini-2.5-pro-preview-05-06
7716,1053.0,2229,0,Open the file task.html in Downloads in the file manager; when prompted open it with Chrome. Then create a drawing using the three colors shown at the top and hit submit.20,models/gemini-2.5-pro-preview-05-06
5963,417.0,789,0,Open the file task.html in Downloads in the file manager; when prompted open it with Chrome. Then create a drawing using the three colors shown at the top and hit submit.20,models/gemini-2.5-pro-preview-05-06
7964,1179.0,2489,0,Open the file task.html in Downloads in the file manager; when prompted open it with Chrome. Then create a drawing using the three colors shown at the top and hit submit.21,models/gemini-2.5-pro-preview-05-06
6069,402.0,234,0,Open the file task.html in Downloads in the file manager; when prompted open it with Chrome. Then create a drawing using the three colors shown at the top and hit submit.21,models/gemini-2.5-pro-preview-05-06
8030,1007.0,3171,0,Open the file task.html in Downloads in the file manager; when prompted open it with Chrome. Then create a drawing using the three colors shown at the top and hit submit.22,models/gemini-2.5-pro-preview-05-06
6023,417.0,429,0,Open the file task.html in Downloads in the file manager; when prompted open it with Chrome. Then create a drawing using the three colors shown at the top and hit submit.22,models/gemini-2.5-pro-preview-05-06
7901,920.0,1593,0,Open the file task.html in Downloads in the file manager; when prompted open it with Chrome. Then create a drawing using the three colors shown at the top and hit submit.23,models/gemini-2.5-pro-preview-05-06
5836,471.0,259,0,Open the file task.html in Downloads in the file manager; when prompted open it with Chrome. Then create a drawing using the three colors shown at the top and hit submit.23,models/gemini-2.5-pro-preview-05-06
7816,1035.0,2102,0,Open the file task.html in Downloads in the file manager; when prompted open it with Chrome. Then create a drawing using the three colors shown at the top and hit submit.24,models/gemini-2.5-pro-preview-05-06
5936,481.0,569,0,Open the file task.html in Downloads in the file manager; when prompted open it with Chrome. Then create a drawing using the three colors shown at the top and hit submit.24,models/gemini-2.5-pro-preview-05-06
7865,1175.0,2236,0,Open the file task.html in Downloads in the file manager; when prompted open it with Chrome. Then create a drawing using the three colors shown at the top and hit submit.25,models/gemini-2.5-pro-preview-05-06
6057,516.0,1512,0,Open the file task.html in Downloads in the file manager; when prompted open it with Chrome. Then create a drawing using the three colors shown at the top and hit submit.25,models/gemini-2.5-pro-preview-05-06
8031,1155.0,4978,0,Open the file task.html in Downloads in the file manager; when prompted open it with Chrome. Then create a drawing using the three colors shown at the top and hit submit.26,models/gemini-2.5-pro-preview-05-06
5956,445.0,207,0,Open the file task.html in Downloads in the file manager; when prompted open it with Chrome. Then create a drawing using the three colors shown at the top and hit submit.26,models/gemini-2.5-pro-preview-05-06
7949,857.0,1666,0,Open the file task.html in Downloads in the file manager; when prompted open it with Chrome. Then create a drawing using the three colors shown at the top and hit submit.27,models/gemini-2.5-pro-preview-05-06
5968,400.0,311,0,Open the file task.html in Downloads in the file manager; when prompted open it with Chrome. Then create a drawing using the three colors shown at the top and hit submit.27,models/gemini-2.5-pro-preview-05-06
7899,900.0,708,0,Open the file task.html in Downloads in the file manager; when prompted open it with Chrome. Then create a drawing using the three colors shown at the top and hit submit.28,models/gemini-2.5-pro-preview-05-06
5905,402.0,475,0,Open the file task.html in Downloads in the file manager; when prompted open it with Chrome. Then create a drawing using the three colors shown at the top and hit submit.28,models/gemini-2.5-pro-preview-05-06
7853,1008.0,2175,0,Open the file task.html in Downloads in the file manager; when prompted open it with Chrome. Then create a drawing using the three colors shown at the top and hit submit.29,models/gemini-2.5-pro-preview-05-06
5933,444.0,271,0,Open the file task.html in Downloads in the file manager; when prompted open it with Chrome. Then create a drawing using the three colors shown at the top and hit submit.29,models/gemini-2.5-pro-preview-05-06
7905,938.0,1034,0,Open the file task.html in Downloads in the file manager; when prompted open it with Chrome. Then create a drawing using the three colors shown at the top and hit submit.30,models/gemini-2.5-pro-preview-05-06
5884,416.0,462,0,Open the file task.html in Downloads in the file manager; when prompted open it with Chrome. Then create a drawing using the three colors shown at the top and hit submit.30,models/gemini-2.5-pro-preview-05-06
7871,964.0,1010,0,Open the file task.html in Downloads in the file manager; when prompted open it with Chrome. Then create a drawing using the three colors shown at the top and hit submit.31,models/gemini-2.5-pro-preview-05-06
5833,485.0,465,0,Open the file task.html in Downloads in the file manager; when prompted open it with Chrome. Then create a drawing using the three colors shown at the top and hit submit.31,models/gemini-2.5-pro-preview-05-06
7825,919.0,618,0,Open the file task.html in Downloads in the file manager; when prompted open it with Chrome. Then create a drawing using the three colors shown at the top and hit submit.32,models/gemini-2.5-pro-preview-05-06
5824,491.0,255,0,Open the file task.html in Downloads in the file manager; when prompted open it with Chrome. Then create a drawing using the three colors shown at the top and hit submit.32,models/gemini-2.5-pro-preview-05-06
7808,907.0,505,0,Open the file task.html in Downloads in the file manager; when prompted open it with Chrome. Then create a drawing using the three colors shown at the top and hit submit.33,models/gemini-2.5-pro-preview-05-06
5875,438.0,148,0,Open the file task.html in Downloads in the file manager; when prompted open it with Chrome. Then create a drawing using the three colors shown at the top and hit submit.33,models/gemini-2.5-pro-preview-05-06
7831,429.0,259,0,Open the file task.html in Downloads in the file manager; when prompted open it with Chrome. Then create a drawing using the three colors shown at the top and hit submit.34,models/gemini-2.5-pro-preview-05-06
2175,1424.0,3455,0,"Open the file task.html in Downloads in the file manager; when prompted open it with Chrome. Then navigate the X to the bottom-right cell, by using the direction buttons.0",models/gemini-2.5-pro-preview-05-06
4497,316.0,238,0,"Open the file task.html in Downloads in the file manager; when prompted open it with Chrome. Then navigate the X to the bottom-right cell, by using the direction buttons.0",models/gemini-2.5-pro-preview-05-06
7076,381.0,210,0,"Open the file task.html in Downloads in the file manager; when prompted open it with Chrome. Then navigate the X to the bottom-right cell, by using the direction buttons.1",models/gemini-2.5-pro-preview-05-06
5687,404.0,145,0,"Open the file task.html in Downloads in the file manager; when prompted open it with Chrome. Then navigate the X to the bottom-right cell, by using the direction buttons.1",models/gemini-2.5-pro-preview-05-06
7232,513.0,808,0,"Open the file task.html in Downloads in the file manager; when prompted open it with Chrome. Then navigate the X to the bottom-right cell, by using the direction buttons.2",models/gemini-2.5-pro-preview-05-06
4583,318.0,365,0,"Open the file task.html in Downloads in the file manager; when prompted open it with Chrome. Then navigate the X to the bottom-right cell, by using the direction buttons.2",models/gemini-2.5-pro-preview-05-06
6126,558.0,921,0,"Open the file task.html in Downloads in the file manager; when prompted open it with Chrome. Then navigate the X to the bottom-right cell, by using the direction buttons.3",models/gemini-2.5-pro-preview-05-06
4582,444.0,524,0,"Open the file task.html in Downloads in the file manager; when prompted open it with Chrome. Then navigate the X to the bottom-right cell, by using the direction buttons.3",models/gemini-2.5-pro-preview-05-06
5986,633.0,1498,0,"Open the file task.html in Downloads in the file manager; when prompted open it with Chrome. Then navigate the X to the bottom-right cell, by using the direction buttons.4",models/gemini-2.5-pro-preview-05-06
4447,324.0,118,0,"Open the file task.html in Downloads in the file manager; when prompted open it with Chrome. Then navigate the X to the bottom-right cell, by using the direction buttons.4",models/gemini-2.5-pro-preview-05-06
6037,642.0,476,0,"Open the file task.html in Downloads in the file manager; when prompted open it with Chrome. Then navigate the X to the bottom-right cell, by using the direction buttons.5",models/gemini-2.5-pro-preview-05-06
4649,337.0,171,0,"Open the file task.html in Downloads in the file manager; when prompted open it with Chrome. Then navigate the X to the bottom-right cell, by using the direction buttons.5",models/gemini-2.5-pro-preview-05-06
6251,527.0,501,0,"Open the file task.html in Downloads in the file manager; when prompted open it with Chrome. Then navigate the X to the bottom-right cell, by using the direction buttons.6",models/gemini-2.5-pro-preview-05-06
4667,316.0,116,0,"Open the file task.html in Downloads in the file manager; when prompted open it with Chrome. Then navigate the X to the bottom-right cell, by using the direction buttons.6",models/gemini-2.5-pro-preview-05-06
5967,693.0,1041,0,"Open the file task.html in Downloads in the file manager; when prompted open it with Chrome. Then navigate the X to the bottom-right cell, by using the direction buttons.7",models/gemini-2.5-pro-preview-05-06
4403,377.0,194,0,"Open the file task.html in Downloads in the file manager; when prompted open it with Chrome. Then navigate the X to the bottom-right cell, by using the direction buttons.7",models/gemini-2.5-pro-preview-05-06
5647,663.0,303,0,"Open the file task.html in Downloads in the file manager; when prompted open it with Chrome. Then navigate the X to the bottom-right cell, by using the direction buttons.8",models/gemini-2.5-pro-preview-05-06
4374,327.0,154,0,"Open the file task.html in Downloads in the file manager; when prompted open it with Chrome. Then navigate the X to the bottom-right cell, by using the direction buttons.8",models/gemini-2.5-pro-preview-05-06
5610,528.0,427,0,"Open the file task.html in Downloads in the file manager; when prompted open it with Chrome. Then navigate the X to the bottom-right cell, by using the direction buttons.9",models/gemini-2.5-pro-preview-05-06
4306,347.0,1326,0,"Open the file task.html in Downloads in the file manager; when prompted open it with Chrome. Then navigate the X to the bottom-right cell, by using the direction buttons.9",models/gemini-2.5-pro-preview-05-06
5716,842.0,2646,0,"Open the file task.html in Downloads in the file manager; when prompted open it with Chrome. Then navigate the X to the bottom-right cell, by using the direction buttons.10",models/gemini-2.5-pro-preview-05-06
4594,393.0,387,0,"Open the file task.html in Downloads in the file manager; when prompted open it with Chrome. Then navigate the X to the bottom-right cell, by using the direction buttons.10",models/gemini-2.5-pro-preview-05-06
6185,686.0,548,0,"Open the file task.html in Downloads in the file manager; when prompted open it with Chrome. Then navigate the X to the bottom-right cell, by using the direction buttons.11",models/gemini-2.5-pro-preview-05-06
4785,379.0,312,0,"Open the file task.html in Downloads in the file manager; when prompted open it with Chrome. Then navigate the X to the bottom-right cell, by using the direction buttons.11",models/gemini-2.5-pro-preview-05-06
6436,748.0,1182,0,"Open the file task.html in Downloads in the file manager; when prompted open it with Chrome. Then navigate the X to the bottom-right cell, by using the direction buttons.12",models/gemini-2.5-pro-preview-05-06
4840,329.0,113,0,"Open the file task.html in Downloads in the file manager; when prompted open it with Chrome. Then navigate the X to the bottom-right cell, by using the direction buttons.12",models/gemini-2.5-pro-preview-05-06
6196,668.0,474,0,"Open the file task.html in Downloads in the file manager; when prompted open it with Chrome. Then navigate the X to the bottom-right cell, by using the direction buttons.13",models/gemini-2.5-pro-preview-05-06
4390,406.0,257,0,"Open the file task.html in Downloads in the file manager; when prompted open it with Chrome. Then navigate the X to the bottom-right cell, by using the direction buttons.13",models/gemini-2.5-pro-preview-05-06
5728,801.0,781,0,"Open the file task.html in Downloads in the file manager; when prompted open it with Chrome. Then navigate the X to the bottom-right cell, by using the direction buttons.14",models/gemini-2.5-pro-preview-05-06
4516,350.0,134,0,"Open the file task.html in Downloads in the file manager; when prompted open it with Chrome. Then navigate the X to the bottom-right cell, by using the direction buttons.14",models/gemini-2.5-pro-preview-05-06
5854,987.0,3161,0,"Open the file task.html in Downloads in the file manager; when prompted open it with Chrome. Then navigate the X to the bottom-right cell, by using the direction buttons.15",models/gemini-2.5-pro-preview-05-06
4631,436.0,344,0,"Open the file task.html in Downloads in the file manager; when prompted open it with Chrome. Then navigate the X to the bottom-right cell, by using the direction buttons.15",models/gemini-2.5-pro-preview-05-06
6049,1115.0,5252,0,"Open the file task.html in Downloads in the file manager; when prompted open it with Chrome. Then navigate the X to the bottom-right cell, by using the direction buttons.16",models/gemini-2.5-pro-preview-05-06
4876,436.0,274,0,"Open the file task.html in Downloads in the file manager; when prompted open it with Chrome. Then navigate the X to the bottom-right cell, by using the direction buttons.16",models/gemini-2.5-pro-preview-05-06
6182,1193.0,766,0,"Open the file task.html in Downloads in the file manager; when prompted open it with Chrome. Then navigate the X to the bottom-right cell, by using the direction buttons.17",models/gemini-2.5-pro-preview-05-06
4746,461.0,330,0,"Open the file task.html in Downloads in the file manager; when prompted open it with Chrome. Then navigate the X to the bottom-right cell, by using the direction buttons.17",models/gemini-2.5-pro-preview-05-06
6050,951.0,774,0,"Open the file task.html in Downloads in the file manager; when prompted open it with Chrome. Then navigate the X to the bottom-right cell, by using the direction buttons.18",models/gemini-2.5-pro-preview-05-06
4555,415.0,543,0,"Open the file task.html in Downloads in the file manager; when prompted open it with Chrome. Then navigate the X to the bottom-right cell, by using the direction buttons.18",models/gemini-2.5-pro-preview-05-06
2179,1933.0,2091,0,"Open the file task.html in Downloads in the file manager; when prompted open it with Chrome. Then click the button 5 times, remember the numbers displayed, and enter their product in the form.0",models/gemini-2.5-pro-preview-05-06
4727,326.0,236,0,"Open the file task.html in Downloads in the file manager; when prompted open it with Chrome. Then click the button 5 times, remember the numbers displayed, and enter their product in the form.0",models/gemini-2.5-pro-preview-05-06
7265,571.0,323,0,"Open the file task.html in Downloads in the file manager; when prompted open it with Chrome. Then click the button 5 times, remember the numbers displayed, and enter their product in the form.1",models/gemini-2.5-pro-preview-05-06
5991,435.0,139,0,"Open the file task.html in Downloads in the file manager; when prompted open it with Chrome. Then click the button 5 times, remember the numbers displayed, and enter their product in the form.1",models/gemini-2.5-pro-preview-05-06
7529,502.0,2084,0,"Open the file task.html in Downloads in the file manager; when prompted open it with Chrome. Then click the button 5 times, remember the numbers displayed, and enter their product in the form.2",models/gemini-2.5-pro-preview-05-06
4896,317.0,147,0,"Open the file task.html in Downloads in the file manager; when prompted open it with Chrome. Then click the button 5 times, remember the numbers displayed, and enter their product in the form.2",models/gemini-2.5-pro-preview-05-06
6466,612.0,626,0,"Open the file task.html in Downloads in the file manager; when prompted open it with Chrome. Then click the button 5 times, remember the numbers displayed, and enter their product in the form.3",models/gemini-2.5-pro-preview-05-06
4972,429.0,408,0,"Open the file task.html in Downloads in the file manager; when prompted open it with Chrome. Then click the button 5 times, remember the numbers displayed, and enter their product in the form.3",models/gemini-2.5-pro-preview-05-06
6364,800.0,1685,0,"Open the file task.html in Downloads in the file manager; when prompted open it with Chrome. Then click the button 5 times, remember the numbers displayed, and enter their product in the form.4",models/gemini-2.5-pro-preview-05-06
4839,393.0,293,0,"Open the file task.html in Downloads in the file manager; when prompted open it with Chrome. Then click the button 5 times, remember the numbers displayed, and enter their product in the form.4",models/gemini-2.5-pro-preview-05-06
6438,631.0,1006,0,"Open the file task.html in Downloads in the file manager; when prompted open it with Chrome. Then click the button 5 times, remember the numbers displayed, and enter their product in the form.5",models/gemini-2.5-pro-preview-05-06
5006,369.0,203,0,"Open the file task.html in Downloads in the file manager; when prompted open it with Chrome. Then click the button 5 times, remember the numbers displayed, and enter their product in the form.5",models/gemini-2.5-pro-preview-05-06
6616,553.0,357,0,"Open the file task.html in Downloads in the file manager; when prompted open it with Chrome. Then click the button 5 times, remember the numbers displayed, and enter their product in the form.6",models/gemini-2.5-pro-preview-05-06
4998,375.0,161,0,"Open the file task.html in Downloads in the file manager; when prompted open it with Chrome. Then click the button 5 times, remember the numbers displayed, and enter their product in the form.6",models/gemini-2.5-pro-preview-05-06
6284,494.0,331,0,"Open the file task.html in Downloads in the file manager; when prompted open it with Chrome. Then click the button 5 times, remember the numbers displayed, and enter their product in the form.7",models/gemini-2.5-pro-preview-05-06
4706,375.0,226,0,"Open the file task.html in Downloads in the file manager; when prompted open it with Chrome. Then click the button 5 times, remember the numbers displayed, and enter their product in the form.7",models/gemini-2.5-pro-preview-05-06
5955,549.0,863,0,"Open the file task.html in Downloads in the file manager; when prompted open it with Chrome. Then click the button 5 times, remember the numbers displayed, and enter their product in the form.8",models/gemini-2.5-pro-preview-05-06
4677,334.0,143,0,"Open the file task.html in Downloads in the file manager; when prompted open it with Chrome. Then click the button 5 times, remember the numbers displayed, and enter their product in the form.8",models/gemini-2.5-pro-preview-05-06
5917,557.0,1521,0,"Open the file task.html in Downloads in the file manager; when prompted open it with Chrome. Then click the button 5 times, remember the numbers displayed, and enter their product in the form.9",models/gemini-2.5-pro-preview-05-06
4683,307.0,223,0,"Open the file task.html in Downloads in the file manager; when prompted open it with Chrome. Then click the button 5 times, remember the numbers displayed, and enter their product in the form.9",models/gemini-2.5-pro-preview-05-06
6154,858.0,2027,0,"Open the file task.html in Downloads in the file manager; when prompted open it with Chrome. Then click the button 5 times, remember the numbers displayed, and enter their product in the form.10",models/gemini-2.5-pro-preview-05-06
5069,391.0,241,0,"Open the file task.html in Downloads in the file manager; when prompted open it with Chrome. Then click the button 5 times, remember the numbers displayed, and enter their product in the form.10",models/gemini-2.5-pro-preview-05-06
6638,985.0,1316,0,"Open the file task.html in Downloads in the file manager; when prompted open it with Chrome. Then click the button 5 times, remember the numbers displayed, and enter their product in the form.11",models/gemini-2.5-pro-preview-05-06
5153,374.0,353,0,"Open the file task.html in Downloads in the file manager; when prompted open it with Chrome. Then click the button 5 times, remember the numbers displayed, and enter their product in the form.11",models/gemini-2.5-pro-preview-05-06
6763,661.0,579,0,"Open the file task.html in Downloads in the file manager; when prompted open it with Chrome. Then click the button 5 times, remember the numbers displayed, and enter their product in the form.12",models/gemini-2.5-pro-preview-05-06
5224,357.0,350,0,"Open the file task.html in Downloads in the file manager; when prompted open it with Chrome. Then click the button 5 times, remember the numbers displayed, and enter their product in the form.12",models/gemini-2.5-pro-preview-05-06
6329,592.0,2413,0,"Open the file task.html in Downloads in the file manager; when prompted open it with Chrome. Then click the button 5 times, remember the numbers displayed, and enter their product in the form.13",models/gemini-2.5-pro-preview-05-06
4560,361.0,338,0,"Open the file task.html in Downloads in the file manager; when prompted open it with Chrome. Then click the button 5 times, remember the numbers displayed, and enter their product in the form.13",models/gemini-2.5-pro-preview-05-06
5740,681.0,7476,0,"Open the file task.html in Downloads in the file manager; when prompted open it with Chrome. Then click the button 5 times, remember the numbers displayed, and enter their product in the form.14",models/gemini-2.5-pro-preview-05-06
5740,904.0,4468,5093,"Open the file task.html in Downloads in the file manager; when prompted open it with Chrome. Then click the button 5 times, remember the numbers displayed, and enter their product in the form.14",models/gemini-2.5-pro-preview-05-06
4635,350.0,177,0,"Open the file task.html in Downloads in the file manager; when prompted open it with Chrome. Then click the button 5 times, remember the numbers displayed, and enter their product in the form.14",models/gemini-2.5-pro-preview-05-06
5728,659.0,947,0,"Open the file task.html in Downloads in the file manager; when prompted open it with Chrome. Then click the button 5 times, remember the numbers displayed, and enter their product in the form.15",models/gemini-2.5-pro-preview-05-06
4502,392.0,156,0,"Open the file task.html in Downloads in the file manager; when prompted open it with Chrome. Then click the button 5 times, remember the numbers displayed, and enter their product in the form.15",models/gemini-2.5-pro-preview-05-06
5678,671.0,295,0,"Open the file task.html in Downloads in the file manager; when prompted open it with Chrome. Then click the button 5 times, remember the numbers displayed, and enter their product in the form.16",models/gemini-2.5-pro-preview-05-06
4586,380.0,305,0,"Open the file task.html in Downloads in the file manager; when prompted open it with Chrome. Then click the button 5 times, remember the numbers displayed, and enter their product in the form.16",models/gemini-2.5-pro-preview-05-06
5765,579.0,801,0,"Open the file task.html in Downloads in the file manager; when prompted open it with Chrome. Then click the button 5 times, remember the numbers displayed, and enter their product in the form.17",models/gemini-2.5-pro-preview-05-06
4504,408.0,220,0,"Open the file task.html in Downloads in the file manager; when prompted open it with Chrome. Then click the button 5 times, remember the numbers displayed, and enter their product in the form.17",models/gemini-2.5-pro-preview-05-06
5734,721.0,1076,0,"Open the file task.html in Downloads in the file manager; when prompted open it with Chrome. Then click the button 5 times, remember the numbers displayed, and enter their product in the form.18",models/gemini-2.5-pro-preview-05-06
4633,406.0,177,0,"Open the file task.html in Downloads in the file manager; when prompted open it with Chrome. Then click the button 5 times, remember the numbers displayed, and enter their product in the form.18",models/gemini-2.5-pro-preview-05-06
3370,521.0,75,0,Take one photo.0,models/gemini-2.5-pro-preview-05-06
5083,326.0,193,0,Take one photo.0,models/gemini-2.5-pro-preview-05-06
6357,411.0,435,0,Take one photo.1,models/gemini-2.5-pro-preview-05-06
3876,361.0,178,0,Take one photo.1,models/gemini-2.5-pro-preview-05-06
5326,504.0,307,0,Take one photo.2,models/gemini-2.5-pro-preview-05-06
4143,287.0,125,0,Take one photo.2,models/gemini-2.5-pro-preview-05-06
5382,560.0,1161,0,Take one photo.3,models/gemini-2.5-pro-preview-05-06
3964,303.0,138,0,Take one photo.3,models/gemini-2.5-pro-preview-05-06
6551,529.0,151,0,Take one photo.4,models/gemini-2.5-pro-preview-05-06
5161,300.0,148,0,Take one photo.4,models/gemini-2.5-pro-preview-05-06
6238,535.0,972,0,Take one photo.5,models/gemini-2.5-pro-preview-05-06
3537,308.0,99,0,Take one photo.5,models/gemini-2.5-pro-preview-05-06
4604,458.0,129,0,Take one photo.6,models/gemini-2.5-pro-preview-05-06
2142,1062.0,3344,0,Take one video.0,models/gemini-2.5-pro-preview-05-06
3946,313.0,222,0,Take one video.0,models/gemini-2.5-pro-preview-05-06
5203,515.0,400,0,Take one video.1,models/gemini-2.5-pro-preview-05-06
3776,385.0,452,0,Take one video.1,models/gemini-2.5-pro-preview-05-06
6318,494.0,170,0,Take one video.2,models/gemini-2.5-pro-preview-05-06
4995,282.0,145,0,Take one video.2,models/gemini-2.5-pro-preview-05-06
5855,637.0,666,0,Take one video.3,models/gemini-2.5-pro-preview-05-06
3328,354.0,184,0,Take one video.3,models/gemini-2.5-pro-preview-05-06
4176,792.0,850,0,Take one video.4,models/gemini-2.5-pro-preview-05-06
3397,280.0,99,0,Take one video.4,models/gemini-2.5-pro-preview-05-06
5913,664.0,560,0,Take one video.5,models/gemini-2.5-pro-preview-05-06
5200,375.0,229,0,Take one video.5,models/gemini-2.5-pro-preview-05-06
6045,618.0,483,0,Take one video.6,models/gemini-2.5-pro-preview-05-06
3537,311.0,405,0,Take one video.6,models/gemini-2.5-pro-preview-05-06
4480,855.0,1953,0,Take one video.7,models/gemini-2.5-pro-preview-05-06
3719,388.0,411,0,Take one video.7,models/gemini-2.5-pro-preview-05-06
4672,857.0,828,0,Take one video.8,models/gemini-2.5-pro-preview-05-06
3735,425.0,474,0,Take one video.8,models/gemini-2.5-pro-preview-05-06
4807,787.0,897,0,Take one video.9,models/gemini-2.5-pro-preview-05-06
3919,375.0,119,0,Take one video.9,models/gemini-2.5-pro-preview-05-06
4842,638.0,241,0,Take one video.10,models/gemini-2.5-pro-preview-05-06
3627,324.0,121,0,Take one video.10,models/gemini-2.5-pro-preview-05-06
4541,599.0,582,0,Take one video.11,models/gemini-2.5-pro-preview-05-06
3593,318.0,125,0,Take one video.11,models/gemini-2.5-pro-preview-05-06
4420,523.0,1346,0,Take one video.12,models/gemini-2.5-pro-preview-05-06
2169,594.0,64,0,Pause the stopwatch.0,models/gemini-2.5-pro-preview-05-06
3878,296.0,144,0,Pause the stopwatch.0,models/gemini-2.5-pro-preview-05-06
6392,342.0,424,0,Pause the stopwatch.1,models/gemini-2.5-pro-preview-05-06
5026,402.0,190,0,Pause the stopwatch.1,models/gemini-2.5-pro-preview-05-06
6385,551.0,713,0,Pause the stopwatch.2,models/gemini-2.5-pro-preview-05-06
3813,366.0,219,0,Pause the stopwatch.2,models/gemini-2.5-pro-preview-05-06
5108,461.0,116,0,Pause the stopwatch.3,models/gemini-2.5-pro-preview-05-06
3710,348.0,133,0,Pause the stopwatch.3,models/gemini-2.5-pro-preview-05-06
4990,404.0,183,0,Pause the stopwatch.4,models/gemini-2.5-pro-preview-05-06
3686,301.0,158,0,Pause the stopwatch.4,models/gemini-2.5-pro-preview-05-06
5048,410.0,227,0,Pause the stopwatch.5,models/gemini-2.5-pro-preview-05-06
2175,286.0,85,0,Run the stopwatch.0,models/gemini-2.5-pro-preview-05-06
3558,276.0,137,0,Run the stopwatch.0,models/gemini-2.5-pro-preview-05-06
4890,552.0,673,0,Run the stopwatch.1,models/gemini-2.5-pro-preview-05-06
3643,333.0,111,0,Run the stopwatch.1,models/gemini-2.5-pro-preview-05-06
4931,485.0,1129,0,Run the stopwatch.2,models/gemini-2.5-pro-preview-05-06
2189,999.0,1459,0,"Create a timer with 0 hours, 16 minutes, and 35 seconds. Do not start the timer.0",models/gemini-2.5-pro-preview-05-06
4032,344.0,156,0,"Create a timer with 0 hours, 16 minutes, and 35 seconds. Do not start the timer.0",models/gemini-2.5-pro-preview-05-06
6553,415.0,878,0,"Create a timer with 0 hours, 16 minutes, and 35 seconds. Do not start the timer.1",models/gemini-2.5-pro-preview-05-06
5175,438.0,252,0,"Create a timer with 0 hours, 16 minutes, and 35 seconds. Do not start the timer.1",models/gemini-2.5-pro-preview-05-06
6529,589.0,1948,0,"Create a timer with 0 hours, 16 minutes, and 35 seconds. Do not start the timer.2",models/gemini-2.5-pro-preview-05-06
4076,316.0,154,0,"Create a timer with 0 hours, 16 minutes, and 35 seconds. Do not start the timer.2",models/gemini-2.5-pro-preview-05-06
5551,540.0,766,0,"Create a timer with 0 hours, 16 minutes, and 35 seconds. Do not start the timer.3",models/gemini-2.5-pro-preview-05-06
4221,491.0,422,0,"Create a timer with 0 hours, 16 minutes, and 35 seconds. Do not start the timer.3",models/gemini-2.5-pro-preview-05-06
5714,693.0,993,0,"Create a timer with 0 hours, 16 minutes, and 35 seconds. Do not start the timer.4",models/gemini-2.5-pro-preview-05-06
4266,412.0,223,0,"Create a timer with 0 hours, 16 minutes, and 35 seconds. Do not start the timer.4",models/gemini-2.5-pro-preview-05-06
5735,563.0,486,0,"Create a timer with 0 hours, 16 minutes, and 35 seconds. Do not start the timer.5",models/gemini-2.5-pro-preview-05-06
4239,448.0,2251,0,"Create a timer with 0 hours, 16 minutes, and 35 seconds. Do not start the timer.5",models/gemini-2.5-pro-preview-05-06
5735,,8192,0,"Create a timer with 0 hours, 16 minutes, and 35 seconds. Do not start the timer.6",models/gemini-2.5-pro-preview-05-06
5735,965.0,3390,0,"Create a timer with 0 hours, 16 minutes, and 35 seconds. Do not start the timer.6",models/gemini-2.5-pro-preview-05-06
4493,384.0,341,0,"Create a timer with 0 hours, 16 minutes, and 35 seconds. Do not start the timer.6",models/gemini-2.5-pro-preview-05-06
6000,,8192,0,"Create a timer with 0 hours, 16 minutes, and 35 seconds. Do not start the timer.7",models/gemini-2.5-pro-preview-05-06
6000,,8192,0,"Create a timer with 0 hours, 16 minutes, and 35 seconds. Do not start the timer.7",models/gemini-2.5-pro-preview-05-06
6000,1251.0,6749,5131,"Create a timer with 0 hours, 16 minutes, and 35 seconds. Do not start the timer.7",models/gemini-2.5-pro-preview-05-06
6000,,8192,0,"Create a timer with 0 hours, 16 minutes, and 35 seconds. Do not start the timer.7",models/gemini-2.5-pro-preview-05-06
2137,1033.0,190,0,"Create a timer with 0 hours, 16 minutes, and 35 seconds. Do not start the timer.0",models/gemini-2.5-pro-preview-05-06
2990,280.0,72,0,"Create a timer with 0 hours, 16 minutes, and 35 seconds. Do not start the timer.0",models/gemini-2.5-pro-preview-05-06
5493,543.0,1730,0,"Create a timer with 0 hours, 16 minutes, and 35 seconds. Do not start the timer.1",models/gemini-2.5-pro-preview-05-06
4395,422.0,294,0,"Create a timer with 0 hours, 16 minutes, and 35 seconds. Do not start the timer.1",models/gemini-2.5-pro-preview-05-06
5754,763.0,1543,0,"Create a timer with 0 hours, 16 minutes, and 35 seconds. Do not start the timer.2",models/gemini-2.5-pro-preview-05-06
3475,336.0,204,0,"Create a timer with 0 hours, 16 minutes, and 35 seconds. Do not start the timer.2",models/gemini-2.5-pro-preview-05-06
4987,545.0,514,0,"Create a timer with 0 hours, 16 minutes, and 35 seconds. Do not start the timer.3",models/gemini-2.5-pro-preview-05-06
3813,798.0,4794,0,"Create a timer with 0 hours, 16 minutes, and 35 seconds. Do not start the timer.3",models/gemini-2.5-pro-preview-05-06
5311,,8192,0,"Create a timer with 0 hours, 16 minutes, and 35 seconds. Do not start the timer.4",models/gemini-2.5-pro-preview-05-06
5311,,8192,0,"Create a timer with 0 hours, 16 minutes, and 35 seconds. Do not start the timer.4",models/gemini-2.5-pro-preview-05-06
5311,,8192,0,"Create a timer with 0 hours, 16 minutes, and 35 seconds. Do not start the timer.4",models/gemini-2.5-pro-preview-05-06
5311,943.0,3290,0,"Create a timer with 0 hours, 16 minutes, and 35 seconds. Do not start the timer.4",models/gemini-2.5-pro-preview-05-06
4250,419.0,337,0,"Create a timer with 0 hours, 16 minutes, and 35 seconds. Do not start the timer.4",models/gemini-2.5-pro-preview-05-06
5782,727.0,4660,0,"Create a timer with 0 hours, 16 minutes, and 35 seconds. Do not start the timer.5",models/gemini-2.5-pro-preview-05-06
4558,405.0,982,0,"Create a timer with 0 hours, 16 minutes, and 35 seconds. Do not start the timer.5",models/gemini-2.5-pro-preview-05-06
6023,641.0,210,0,"Create a timer with 0 hours, 16 minutes, and 35 seconds. Do not start the timer.6",models/gemini-2.5-pro-preview-05-06
4585,370.0,271,0,"Create a timer with 0 hours, 16 minutes, and 35 seconds. Do not start the timer.6",models/gemini-2.5-pro-preview-05-06
6050,661.0,718,0,"Create a timer with 0 hours, 16 minutes, and 35 seconds. Do not start the timer.7",models/gemini-2.5-pro-preview-05-06
4605,378.0,167,0,"Create a timer with 0 hours, 16 minutes, and 35 seconds. Do not start the timer.7",models/gemini-2.5-pro-preview-05-06
6072,1001.0,6881,0,"Create a timer with 0 hours, 16 minutes, and 35 seconds. Do not start the timer.8",models/gemini-2.5-pro-preview-05-06
4798,498.0,3392,0,"Create a timer with 0 hours, 16 minutes, and 35 seconds. Do not start the timer.8",models/gemini-2.5-pro-preview-05-06
6265,880.0,1557,0,"Create a timer with 0 hours, 16 minutes, and 35 seconds. Do not start the timer.9",models/gemini-2.5-pro-preview-05-06
4691,448.0,298,0,"Create a timer with 0 hours, 16 minutes, and 35 seconds. Do not start the timer.9",models/gemini-2.5-pro-preview-05-06
6158,787.0,325,0,"Create a timer with 0 hours, 16 minutes, and 35 seconds. Do not start the timer.10",models/gemini-2.5-pro-preview-05-06
4642,372.0,153,0,"Create a timer with 0 hours, 16 minutes, and 35 seconds. Do not start the timer.10",models/gemini-2.5-pro-preview-05-06
6162,,8192,0,"Create a timer with 0 hours, 16 minutes, and 35 seconds. Do not start the timer.11",models/gemini-2.5-pro-preview-05-06
6162,,8192,0,"Create a timer with 0 hours, 16 minutes, and 35 seconds. Do not start the timer.11",models/gemini-2.5-pro-preview-05-06
6162,,8192,0,"Create a timer with 0 hours, 16 minutes, and 35 seconds. Do not start the timer.11",models/gemini-2.5-pro-preview-05-06
6162,753.0,289,5153,"Create a timer with 0 hours, 16 minutes, and 35 seconds. Do not start the timer.11",models/gemini-2.5-pro-preview-05-06
4675,410.0,5131,0,"Create a timer with 0 hours, 16 minutes, and 35 seconds. Do not start the timer.11",models/gemini-2.5-pro-preview-05-06
6152,1004.0,3926,0,"Create a timer with 0 hours, 16 minutes, and 35 seconds. Do not start the timer.12",models/gemini-2.5-pro-preview-05-06
4717,,8192,0,"Create a timer with 0 hours, 16 minutes, and 35 seconds. Do not start the timer.12",models/gemini-2.5-pro-preview-05-06
4717,645.0,1079,3733,"Create a timer with 0 hours, 16 minutes, and 35 seconds. Do not start the timer.12",models/gemini-2.5-pro-preview-05-06
6193,734.0,247,0,"Create a timer with 0 hours, 16 minutes, and 35 seconds. Do not start the timer.13",models/gemini-2.5-pro-preview-05-06
4699,414.0,161,0,"Create a timer with 0 hours, 16 minutes, and 35 seconds. Do not start the timer.13",models/gemini-2.5-pro-preview-05-06
6174,847.0,911,0,"Create a timer with 0 hours, 16 minutes, and 35 seconds. Do not start the timer.14",models/gemini-2.5-pro-preview-05-06
4722,382.0,220,0,"Create a timer with 0 hours, 16 minutes, and 35 seconds. Do not start the timer.14",models/gemini-2.5-pro-preview-05-06
6201,740.0,197,0,"Create a timer with 0 hours, 16 minutes, and 35 seconds. Do not start the timer.15",models/gemini-2.5-pro-preview-05-06
4750,396.0,342,0,"Create a timer with 0 hours, 16 minutes, and 35 seconds. Do not start the timer.15",models/gemini-2.5-pro-preview-05-06
